{"cameraMode":{"drawMode":0,"name":"Shaded","section":"Shading Mode"},"sceneLighting":true,"audioPlay":false,"sceneViewState":{"m_AlwaysRefresh":false,"showFog":true,"showSkybox":true,"showFlares":true,"showImageEffects":true,"showParticleSystems":true,"showVisualEffectGraphs":true,"m_FxEnabled":true},"in2DMode":false,"pivot":{"x":-1.541910171508789,"y":0.4871330261230469,"z":1.379098892211914},"rotation":{"x":-0.09329710155725479,"y":0.8795909881591797,"z":-0.19328813254833222,"w":-0.42456454038619997},"size":11.182784080505371,"orthographic":false}